feature,category,woe,coefficient,iv,points
b_util_ratio,"(-inf, 0.00)",1.8053670894470426,-0.11222681726617775,0.10784452941767438,54
b_util_ratio,"[0.00, 0.07)",1.5059305897110034,-0.11222681726617775,0.061125380576189395,52
b_util_ratio,"[0.07, 0.15)",1.2641767129102779,-0.11222681726617775,0.07430462046929993,50
b_util_ratio,"[0.15, 0.19)",1.014769782136535,-0.11222681726617775,0.03339893638271052,48
b_util_ratio,"[0.19, 0.24)",0.8221937255343907,-0.11222681726617775,0.03871887853479034,46
b_util_ratio,"[0.24, 0.28)",0.6355621249986272,-0.11222681726617775,0.01532382891020795,45
b_util_ratio,"[0.28, 0.31)",0.5117487132777616,-0.11222681726617775,0.013255721782752883,44
b_util_ratio,"[0.31, 0.36)",0.3477096843773442,-0.11222681726617775,0.008763739617480951,42
b_util_ratio,"[0.36, 0.40)",0.15884428239305093,-0.11222681726617775,0.0017079371917720313,41
b_util_ratio,"[0.40, 0.44)",0.03655426029243891,-0.11222681726617775,7.032079860863882e-05,40
b_util_ratio,Special,0.0,-0.11222681726617775,0.0,40
b_util_ratio,Missing,0.0,-0.11222681726617775,0.0,40
b_util_ratio,"[0.44, 0.50)",-0.1945483749498127,-0.11222681726617775,0.004069681971480581,38
b_util_ratio,"[0.50, 0.55)",-0.38217940550846174,-0.11222681726617775,0.011638282430759454,37
b_util_ratio,"[0.55, 0.63)",-0.6263452167057602,-0.11222681726617775,0.03839237433681728,35
b_util_ratio,"[0.63, 0.71)",-0.888095821388803,-0.11222681726617775,0.06107591971229991,32
b_util_ratio,"[0.71, inf)",-1.3796580048479314,-0.11222681726617775,0.20082627267999636,28
bureau_score,"[847.50, inf)",2.6324289831482575,-0.4790305938744689,0.1315584554579166,131
bureau_score,"[815.50, 847.50)",2.0263464399045517,-0.4790305938744689,0.0916606739697224,110
bureau_score,"[786.50, 815.50)",1.812598905392624,-0.4790305938744689,0.10964533442012164,102
bureau_score,"[760.50, 786.50)",1.412782261107235,-0.4790305938744689,0.09287971071252368,88
bureau_score,"[745.50, 760.50)",1.1423116695887443,-0.4790305938744689,0.04539434063896767,79
bureau_score,"[729.50, 745.50)",1.0749189366269687,-0.4790305938744689,0.04799787830535081,77
bureau_score,"[715.50, 729.50)",0.7835383214292064,-0.4790305938744689,0.026800431685977472,67
bureau_score,"[702.50, 715.50)",0.6695329991562078,-0.4790305938744689,0.01921172899294683,63
bureau_score,"[690.50, 702.50)",0.48965542315275146,-0.4790305938744689,0.01032327231614177,57
bureau_score,"[677.50, 690.50)",0.28344295266831976,-0.4790305938744689,0.004118588728943898,49
bureau_score,"[665.50, 677.50)",0.23045653101504238,-0.4790305938744689,0.002455765403283483,48
bureau_score,Special,0.0,-0.4790305938744689,0.0,40
bureau_score,Missing,0.0,-0.4790305938744689,0.0,40
bureau_score,"[645.50, 665.50)",-0.03828887221943855,-0.4790305938744689,0.00011907046032685995,38
bureau_score,"[630.50, 645.50)",-0.2848000741217205,-0.4790305938744689,0.004922465515841501,30
bureau_score,"[596.50, 630.50)",-0.5982507321485389,-0.4790305938744689,0.04548949050218012,19
bureau_score,"[564.50, 596.50)",-1.0848374016352595,-0.4790305938744689,0.1133840444997466,2
bureau_score,"(-inf, 564.50)",-1.7781657555512036,-0.4790305938744689,0.3806250021045109,-22
d_cure_flag,0,0.11607065889612042,-0.0464057686926008,0.011800156607030049,40
d_cure_flag,1,-0.8779522345716083,-0.0464057686926008,0.08925575128085392,37
d_curr_delinq_bucket_cd,C,0.771494822136737,-0.07754775946270606,0.2944573925695952,44
d_curr_delinq_bucket_cd,1-29,-0.25274522904239083,-0.07754775946270606,0.011549753357264875,38
d_curr_delinq_bucket_cd,30-59,-0.9894787395894582,-0.07754775946270606,0.1535212110578439,34
d_curr_delinq_bucket_cd,60-89,-1.7205003574215334,-0.07754775946270606,0.31110158074534333,30
d_mob_since_last_delinq_cnt,"(-inf, -0.50)",0.5602710981016492,-0.12463134043289109,0.18944376651537173,45
d_mob_since_last_delinq_cnt,Special,0.0,-0.12463134043289109,0.0,40
d_mob_since_last_delinq_cnt,Missing,0.0,-0.12463134043289109,0.0,40
d_mob_since_last_delinq_cnt,"[-0.50, inf)",-0.9543743975933054,-0.12463134043289109,0.3227014228621023,31
d_times_60dpd_12m_cnt,0,0.289017258926952,-0.2449629679312337,0.06810109800577144,45
d_times_60dpd_12m_cnt,1,-1.523478139871608,-0.2449629679312337,0.29991046316323206,13
d_times_60dpd_12m_cnt,2+,-1.9575516029244298,-0.2449629679312337,0.07589586814643585,5
delinq_trades_cnt,0,0.39979808833652564,-0.03447733001553993,0.09836149761474745,41
delinq_trades_cnt,1,-0.5303204406095329,-0.03447733001553993,0.06698277706083253,38
delinq_trades_cnt,2,-0.8918520759862811,-0.03447733001553993,0.07098397208500117,37
delinq_trades_cnt,3,-1.1248720411788966,-0.03447733001553993,0.03229686742822642,37
delinq_trades_cnt,4+,-1.3939369368017356,-0.03447733001553993,0.015916620975160275,36
dti_ratio,"(-inf, 0.08)",0.2049098507249809,-0.05699432225514195,0.0019696565162835526,40
dti_ratio,"[0.08, 0.18)",0.06839665670706241,-0.05699432225514195,0.000804994716573613,40
dti_ratio,"[0.18, 0.32)",0.06320833251131441,-0.05699432225514195,0.0008794121279516528,40
dti_ratio,"[0.32, 0.59)",0.05318993846121289,-0.05699432225514195,0.0013641483350519208,40
dti_ratio,Special,0.0,-0.05699432225514195,0.0,40
dti_ratio,Missing,0.0,-0.05699432225514195,0.0,40
dti_ratio,"[0.59, inf)",-0.8214862932466778,-0.05699432225514195,0.05006257613131618,36
inq_12m_cnt,"(-inf, 0.50)",1.357791391363532,-0.14395756746138572,0.3690335160069297,54
inq_12m_cnt,"[0.50, 1.50)",0.4093519620750872,-0.14395756746138572,0.023908895687765847,44
inq_12m_cnt,"[1.50, 2.50)",0.027053379594484284,-0.14395756746138572,0.0001081609269551912,40
inq_12m_cnt,Special,0.0,-0.14395756746138572,0.0,40
inq_12m_cnt,Missing,0.0,-0.14395756746138572,0.0,40
inq_12m_cnt,"[2.50, 3.50)",-0.2722388842426291,-0.14395756746138572,0.009827263584567038,37
inq_12m_cnt,"[3.50, 4.50)",-0.5664580838023641,-0.14395756746138572,0.03411244068291406,34
inq_12m_cnt,"[4.50, 5.50)",-0.8282568553268752,-0.14395756746138572,0.054741750795484476,31
inq_12m_cnt,"[5.50, inf)",-1.295339469405548,-0.14395756746138572,0.222517363800732,26
p_days_since_last_pay_cnt,"(-inf, 0.50)",1.2799537908234924,-0.05125035868554387,0.04779397260002209,44
p_days_since_last_pay_cnt,"[0.50, 1.50)",0.9532209060626875,-0.05125035868554387,0.06331471548295298,43
p_days_since_last_pay_cnt,"[1.50, 2.50)",0.7273783328050132,-0.05125035868554387,0.04102678029496238,42
p_days_since_last_pay_cnt,"[2.50, 3.50)",0.417148205763477,-0.05125035868554387,0.015088539304333156,41
p_days_since_last_pay_cnt,"[3.50, 4.50)",0.11853859653501786,-0.05125035868554387,0.0013181856768771786,40
p_days_since_last_pay_cnt,Special,0.0,-0.05125035868554387,0.0,40
p_days_since_last_pay_cnt,Missing,0.0,-0.05125035868554387,0.0,40
p_days_since_last_pay_cnt,"[4.50, 5.50)",-0.06833069721178031,-0.05125035868554387,0.0005159057813886096,39
p_days_since_last_pay_cnt,"[5.50, 6.50)",-0.2578830718321754,-0.05125035868554387,0.005636434695684315,39
p_days_since_last_pay_cnt,"[6.50, 7.50)",-0.3349460175770491,-0.05125035868554387,0.00832272574358619,38
p_days_since_last_pay_cnt,"[7.50, 11.50)",-0.42427791699152184,-0.05125035868554387,0.034721894974661056,38
p_days_since_last_pay_cnt,"[11.50, inf)",-0.44546594964943154,-0.05125035868554387,0.03179051125334724,38
p_nsf_12m_cnt,0,0.22732081808019344,-0.05527104639207586,0.04019728380288346,41
p_nsf_12m_cnt,1,-0.7757875756014916,-0.05527104639207586,0.09876320765920134,37
p_nsf_12m_cnt,2,-1.1413224418108763,-0.05527104639207586,0.04573554267218955,35
p_nsf_12m_cnt,3,-1.3814226022953422,-0.05527104639207586,0.010702541316234018,34
p_nsf_12m_cnt,4+,-1.776117761497606,-0.05527104639207586,0.0030260030354083193,33
p_ontime_pay_12m_cnt,"[11.50, inf)",1.283626667118598,-0.05714834411123295,0.2689793963091004,45
p_ontime_pay_12m_cnt,"[10.50, 11.50)",0.5000720473437665,-0.05714834411123295,0.04420943972536566,42
p_ontime_pay_12m_cnt,"[9.50, 10.50)",0.013723173145526513,-0.05714834411123295,3.518897031555063e-05,40
p_ontime_pay_12m_cnt,Special,0.0,-0.05714834411123295,0.0,40
p_ontime_pay_12m_cnt,Missing,0.0,-0.05714834411123295,0.0,40
p_ontime_pay_12m_cnt,"[8.50, 9.50)",-0.3295369244232935,-0.05714834411123295,0.01760753952535657,38
p_ontime_pay_12m_cnt,"[7.50, 8.50)",-0.673860185009088,-0.05714834411123295,0.05550558813494015,37
p_ontime_pay_12m_cnt,"(-inf, 7.50)",-1.1635060148296756,-0.05714834411123295,0.19164809174398922,35
p_pay_ratio,"[1.09, inf)",2.1184804393591965,-0.2169898589406873,0.11720064002809447,73
p_pay_ratio,"[1.00, 1.09)",1.6688704257346951,-0.2169898589406873,0.08181843319978223,66
p_pay_ratio,"[0.93, 1.00)",1.3623163763177764,-0.2169898589406873,0.06640488808006549,61
p_pay_ratio,"[0.89, 0.93)",1.3303018769786168,-0.2169898589406873,0.05032671292001635,60
p_pay_ratio,"[0.85, 0.89)",1.015367829130263,-0.2169898589406873,0.034438648244824226,56
p_pay_ratio,"[0.79, 0.85)",0.8013118869005589,-0.2169898589406873,0.03452935708843433,52
p_pay_ratio,"[0.73, 0.79)",0.60260061207086,-0.2169898589406873,0.025814879057498966,49
p_pay_ratio,"[0.68, 0.73)",0.40484546771982544,-0.2169898589406873,0.011650622249549795,46
p_pay_ratio,"[0.63, 0.68)",0.17233931059765029,-0.2169898589406873,0.002121571731029741,42
p_pay_ratio,"[0.60, 0.63)",0.043538630371549925,-0.2169898589406873,9.412805342555968e-05,40
p_pay_ratio,Special,0.0,-0.2169898589406873,0.0,40
p_pay_ratio,Missing,0.0,-0.2169898589406873,0.0,40
p_pay_ratio,"[0.53, 0.60)",-0.16971520738513757,-0.2169898589406873,0.002940398852363587,37
p_pay_ratio,"[0.45, 0.53)",-0.47423497378293344,-0.2169898589406873,0.027067751693808755,32
p_pay_ratio,"[0.31, 0.45)",-0.8902440827737705,-0.2169898589406873,0.11068234552773885,26
p_pay_ratio,"(-inf, 0.31)",-1.5021802762135505,-0.2169898589406873,0.23327658476791116,16
s_cash_adv_amt,"(-inf, 0.00)",1.2710729199871653,-0.05845394661637837,0.4797799440471173,45
s_cash_adv_amt,"[0.00, 2.44)",0.07050367337691554,-0.05845394661637837,0.00033590765352298403,40
s_cash_adv_amt,Special,0.0,-0.05845394661637837,0.0,40
s_cash_adv_amt,Missing,0.0,-0.05845394661637837,0.0,40
s_cash_adv_amt,"[2.44, 7.35)",-0.1536020527490729,-0.05845394661637837,0.001965810229330776,39
s_cash_adv_amt,"[7.35, 16.30)",-0.35423312480813074,-0.05845394661637837,0.012721531555694159,38
s_cash_adv_amt,"[16.30, 33.20)",-0.5508627279159497,-0.05845394661637837,0.0358981791329571,37
s_cash_adv_amt,"[33.20, 65.27)",-0.7855213978973068,-0.05845394661637837,0.07313065627253175,36
s_cash_adv_amt,"[65.27, inf)",-1.1855850124159373,-0.05845394661637837,0.20777212953296037,35
